{"cameraMode":{"drawMode":0,"name":"Shaded","section":"Shading Mode"},"sceneLighting":true,"audioPlay":false,"sceneViewState":{"m_AlwaysRefresh":false,"showFog":true,"showSkybox":true,"showFlares":true,"showImageEffects":true,"showParticleSystems":true,"showVisualEffectGraphs":true,"m_FxEnabled":true},"in2DMode":false,"pivot":{"x":8.730722427368164,"y":-2.2094216346740724,"z":18.021772384643556},"rotation":{"x":-0.3020098805427551,"y":0.02374141290783882,"z":-0.0075236414559185509,"w":-0.9529809951782227},"size":9.361104965209961,"orthographic":false}