{"cameraMode":{"drawMode":0,"name":"Shaded","section":"Shading Mode"},"sceneLighting":false,"audioPlay":false,"sceneViewState":{"showFog":true,"showMaterialUpdate":false,"showSkybox":false,"showFlares":true,"showImageEffects":true,"showParticleSystems":true},"in2DMode":false,"pivot":{"x":0.2445872724056244,"y":1.6775696277618409,"z":1.0761604309082032},"rotation":{"x":-0.1480761170387268,"y":0.268974244594574,"z":-0.04188919439911842,"w":-0.9507817029953003},"size":3.118070125579834,"orthographic":false}